{"cameraMode":{"drawMode":0,"name":"Shaded","section":"Shading Mode"},"sceneLighting":true,"audioPlay":false,"sceneViewState":{"showFog":true,"showMaterialUpdate":false,"showSkybox":true,"showFlares":true,"showImageEffects":true,"showParticleSystems":true},"in2DMode":false,"pivot":{"x":-5.569279670715332,"y":-10.532294273376465,"z":-0.7295856475830078},"rotation":{"x":-0.1996372789144516,"y":-0.055234719067811969,"z":0.011271934024989605,"w":-0.9782469272613525},"size":32.85850524902344,"orthographic":false}